request_id,title,search_keyword,target_sites,ebay_price_jpy,ebay_url
001,KTM Racing (Embroidered Iron on patch) Motorcycle / Dirt Bike,KTM Racing (Embroidered Iron on patch) Motorcycle / Dirt Bike,mercari;yahoo,618,https://www.ebay.com/itm/168424788691?_skw=KTM&hash=item2736e652d3:g:2LEAAOSwLdZnR9oM
002,"OBD2 Adapter Fit for KTM 6 Pin to 16Pin Motorcycle Diagnostic Cable,Fit for KTM","OBD2 Adapter Fit for KTM 6 Pin to 16Pin Motorcycle Diagnostic Cable,Fit for KTM",mercari;yahoo,2168,https://www.ebay.com/itm/137150796412?_skw=KTM&hash=item1feed3127c:g:wQIAAeSwbKlpvTuV&amdata=enc%3AAQALAAAA4ACCtXRWQnOEpyOqnQQ8KGYhjF3dIpMOeeu7wsXuonRlwXI01Z9SePa68wcpgOmj8F58bnts6XHd5JGUJ%2B880wazU78yEOgwubjempnaep0%2FAs5mtXB%2Bd3WzFQ9P8KzrNuBrjlbWXgzZON2wgOFHBDWi13X6IBus%2FNPDWxeGs5%2BaFR1nL0%2BbPH%2BPeXyXm6mgNZpX%2BO4pzNuWPRQsz8WCak1qsxx4SosWgFYquyecwIJCwlrCoyDGep3EGskdrLvOK9D%2F1P0ipbw833d2YsiKfuvy%2BCCaJs%2B6cw10AG4fFCZj
003,Kick starter Start Lever For KTM EXC125 EXC200 SX 125 144 150 200 XC150 XCW200,Kick starter Start Lever For KTM EXC125 EXC200 SX 125 144 150 200 XC150 XCW200,mercari;yahoo,5427,https://www.ebay.com/itm/397849391420?_skw=KTM&hash=item5ca1abf13c:g:iYYAAeSw3y9p4eWG&amdata=enc%3AAQALAAAA4ACCtXRWQnOEpyOqnQQ8KGa76T6v%2FIEydTpnuiLWaA047NRGgzo4nZxepMp7AfHLTCmW%2FQ2Ckb0nmij6GCynkggNLpyrp1EA2dhN2WqxWvsHaA0TZCNjwk%2FqIthf8k2apYlrJJmkja1d56AUui%2Btzvq6zsKzqbagyjpdilvhJaPGapE61gV98Z8mYdtsrkvliDAQneaE2wtxBAB8RNgVDeFV5n5h86Ot9u%2Fy4sKD1ZNj66UmFCKD0yCLysBLTSMaFBreLeJpYZVlCfSzczw5KnTnpQlYUbUyYvm--yUm8s0Y
004,"Engine Gasket Seal Kit Compatible with KTM Duke 390 RC 390 Dominar 400, Clutch C","Engine Gasket Seal Kit Compatible with KTM Duke 390 RC 390 Dominar 400, Clutch C",mercari;yahoo,9297,https://www.ebay.com/itm/397892792668?_skw=KTM&hash=item5ca442315c:g:G0oAAeSw~9Bp8YO3&amdata=enc%3AAQALAAAA4ACCtXRWQnOEpyOqnQQ8KGZkTeckXDqNWNMcOkpaM%2FaKrjo8BefV57AeSb7IvRkM98R6cD2T47jSkwdtyiuctfAjMrMdNtFWO4IjlvguMzSJFbEzhXyu7JtjczxOfrUwqp%2FDdeptdXcQ5UMJVOqlYzM4Cye8UsSFfAeXAOb%2B2ZcDDIK4Z1R4Mf3qmLXeam5QsANHuby85odIcj5kABZIz7%2FUErEwbP%2FZ571JlucmKd7FHEUUW6ErgK2mritWJ93K8rjEWlmsmSQuT%2FA6QR5QoJf1q6Aj9VZ6FptHqEER7aFQ
005,"RedBull KTM Grid Ceramic Mug, Navy, 3RB250042100","RedBull KTM Grid Ceramic Mug, Navy, 3RB250042100",mercari;yahoo,2323,https://www.ebay.com/itm/306978952175?_skw=KTM&hash=item47795f13ef:g:DJ8AAeSwhe1qHzh9
006,‘11-‘25 KTM 350 SX-F ProX Piston Kit Size B 87.97mm Piston Comp 13.5:1 01.6353.B,‘11-‘25 KTM 350 SX-F ProX Piston Kit Size B 87.97mm Piston Comp 13.5:1 01.6353.B,mercari;yahoo,29448,https://www.ebay.com/itm/187468013401?_skw=KTM&hash=item2ba5f6df59:g:GbUAAeSwHIBok2xt
007,"KTM Team Tee Men's T-Shirt, Orange/Black Casual Racing Fan Wear Size: S-3X","KTM Team Tee Men's T-Shirt, Orange/Black Casual Racing Fan Wear Size: S-3X",mercari;yahoo,5423,https://www.ebay.com/itm/178019623440?_skw=KTM&hash=item2972cbe210:g:msYAAeSwlBhp0CDb
008,KTM TEAM CIRCUIT BACKPACK 3PW240001300 NEW SHIPS FAST,KTM TEAM CIRCUIT BACKPACK 3PW240001300 NEW SHIPS FAST,mercari;yahoo,17048,https://www.ebay.com/itm/326997564926?_skw=KTM&hash=item4c2292ddfe:g:SgwAAeSwxvxpjO~h
009,"KTM embroidered  key chain, for motorcycles, dirt bikes, Orange, Black, Silver","KTM embroidered key chain, for motorcycles, dirt bikes, Orange, Black, Silver",mercari;yahoo,767,https://www.ebay.com/itm/202466251597?_skw=KTM&hash=item2f23edd34d:g:5lAAAOSwa6JbvsOr
010,"KTM RC16 #33 BINDER MOTOGP ""RED BULL RACING"" 1/18 MOTORCYCLE BY MAISTO 34393","KTM RC16 #33 BINDER MOTOGP ""RED BULL RACING"" 1/18 MOTORCYCLE BY MAISTO 34393",mercari;yahoo,2134,https://www.ebay.com/itm/136836685907?_skw=KTM&hash=item1fdc1a2053:g:IEQAAeSwaXJpOv~Z
011,Separate Start Stop Kill Switch Kit For KTM Husqvarna GasGas 2023-Up,Separate Start Stop Kill Switch Kit For KTM Husqvarna GasGas 2023-Up,mercari;yahoo,13950,https://www.ebay.com/itm/167926210787?_skw=KTM&hash=item27192ea0e3:g:ctkAAeSw-8VpFf2j
012,Personalized KTM Red B**lRacing Long Sleeve Shirt For Motorcycle Riders,Personalized KTM Red B**lRacing Long Sleeve シャツ For Motorcycle Riders,mercari;yahoo,4648,https://www.ebay.com/itm/127826065383?_skw=KTM&hash=item1dc306f7e7:g:32AAAeSwK4lp6jIE
013,"KTM oil change kit for 690 cc, 1.7L motorex oil and 2 filters","KTM oil change kit for 690 cc, 1.7L motorex oil and 2 filters",mercari;yahoo,10073,https://www.ebay.com/itm/406812163714?_skw=KTM&hash=item5eb7e4fe82:g:1EIAAeSwPMBpyUeZ
014,KTM Toolbox Pen Holder – Tool Box Organizer for Desk,KTM Toolbox Pen Holder – Tool Box Organizer for Desk,mercari;yahoo,4487,https://www.ebay.com/itm/236737359701?_skw=KTM&hash=item371ea56f55:g:hr0AAeSwgyhp0ckf&amdata=enc%3AAQALAAAA4ACCtXRWQnOEpyOqnQQ8KGYpSCXzRw7AfClnsCBoZZ86rt%2FcxwZftUxa3fpkUeu%2FTq0biUKzGEhib8eU7XHYg7BFtnZp3hVbzoCfmVv3g%2BItGurLuSiBDtPWx3XcwNwGKCUmB4oO3%2FoIl023phWlxlbgsPJLDVLBSwd1GMm5TqxMzHoCDo9oksEbWYTW8xbsls7xobZ4n1gWoCx7wWTr3C049%2BIu7%2BtZ76Q3gchSNuk7l5Ojidka57Dg5dVLCgi6nLX5zqc93DTdBNaBM083f4Y6lkKSTL9Kmmz3D7vUGgJ6
015,For KTM Motorcycle Auto Diagnostic Scanner Tool 6Pin To 16Pin OBD2 Adapter Cable,For KTM Motorcycle Auto Diagnostic Scanner Tool 6Pin To 16Pin OBD2 Adapter Cable,mercari;yahoo,2248,https://www.ebay.com/itm/389836043827?_skw=KTM&hash=item5ac409f633:g:YdUAAeSwPHhpznf2&amdata=enc%3AAQALAAAA4ACCtXRWQnOEpyOqnQQ8KGa0shGWMBri9IDF2jpNKzCVwZFmqzmTMXyKuP6LfVMj57qlb9qb48fGRo6KsDyINmQQ2vDPB2XynrFxyYInQbbwKqSzM1GT%2BFWd3aH20bgJ%2BTVZTmRBuN%2B%2BnfOW0IOcUKm53efCEMn8BsJ6JNj6lTKIxit1dOWXz71UZdKMb7s7FOZOQclSD3ryzVOOTHG9p5FRDpOrd49nbLlLloLZ48T4nr0sNSaUv5pRC7nkwaYJJpNLJ1Elnz1uvpJEMBe2Z04WMw2P1huDO3M3XWwM07Ip
016,2024 Motorcycle Ignition Coil High Pressure Coil Compatible with KTM Compatible,2024 Motorcycle Ignition Coil High Pressure Coil Compatible with KTM Compatible,mercari;yahoo,6202,https://www.ebay.com/itm/800041123535?_skw=KTM&hash=itemba462abecf:g:xZEAAeSw-jZqDJt3&amdata=enc%3AAQALAAAA4ACCtXRWQnOEpyOqnQQ8KGaSaDt3B6VrxVjvtIrYvDd8shLV8FA33oaAaFJQtd5CQBunNhrvFrropuqwYer50nNFq1LmsHQg2fnIyd5I7MMjjSfgqVF5aGEMgE9agQeMVMnKuS6IN3U22yWJiNeerwHK7RHtlviw4xfz9aB%2Bievo3M06mmBZX5oqAzXS7u8ULQmZsSBNLOB0Urnl%2FTh9%2BeIG%2FYStS1dWOnpt0y%2Fct27AvFjs5EcNnaMfxxhCcZKbtYTDcpNeWsTvQe9810jHGKfZb1xXIefxsYo6JLXWnRdg
017,"Genuine KTM Swing Arm Protection Kit, Black, 7720499410030","Genuine KTM Swing Arm Protection Kit, Black, 7720499410030",mercari;yahoo,8213,https://www.ebay.com/itm/406812163492?_skw=KTM&hash=item5eb7e4fda4:g:jH0AAeSwEOBpyUeV
018,Starter Motor KTM Motorcycle 200 250 300 EXC XC XCW 55140001100 410 Watt,Starter Motor KTM Motorcycle 200 250 300 EXC XC XCW 55140001100 410 Watt,mercari;yahoo,14258,https://www.ebay.com/itm/124664356268?_skw=KTM&hash=item1d06931dac:g:b~QAAOSwrLxgZxYX
019,KTM Motorcycle Logo Flag Banner 3x5 ft Mancave Garage Flag MX/SX,KTM Motorcycle Logo Flag Banner 3x5 ft Mancave Garage Flag MX/SX,mercari;yahoo,2248,https://www.ebay.com/itm/185259290913?_skw=KTM&hash=item2b22507121:g:UjwAAOSwXUliqjnC
020,"KTM REDBULL AARON PLESSINGER COWBOY HAT - EXTRA LARGE, 61cm - 3RB250047804","KTM REDBULL AARON PLESSINGER COWBOY 帽子 - EXTRA LARGE, 61cm - 3RB250047804",mercari;yahoo,10848,https://www.ebay.com/itm/267318131499?_skw=KTM&hash=item3e3d66fb2b:g:CR8AAeSwIedobVsh
021,FUEL PUMP ASSEMBLY REPLACE 78107088600 For KTM EXC-F 250 350 450 2012-2020,FUEL PUMP ASSEMBLY REPLACE 78107088600 For KTM EXC-F 250 350 450 2012-2020,mercari;yahoo,6322,https://www.ebay.com/itm/397842446106?_skw=KTM&hash=item5ca141f71a:g:VSYAAeSwXlVpgGf8
022,"Red Bull KTM Factory Racing Motorsports Energy Drink Iron On Patch 2"" x 2.75""","Red Bull KTM Factory Racing Motorsports Energy Drink Iron On Patch 2"" x 2.75""",mercari;yahoo,1083,https://www.ebay.com/itm/227153803837?_skw=KTM&hash=item34e36bfa3d:g:IX0AAeSwvftpVKIU
023,KTM Kids Logo Cap Orange Mesh Snapback AdjustableFlexfit 110 - 3PW250018900,KTM Kids Logo キャップ Orange Mesh Snapback AdjustableFlexfit 110 - 3PW250018900,mercari;yahoo,3873,https://www.ebay.com/itm/178027710329?_skw=KTM&hash=item2973474779:g:31cAAeSwVuJp07dR
024,Motorcycle Fork Tube Seal Driver 14mm-60mm KTM Husqvarna Harley Tusk Suzuki,Motorcycle Fork Tube Seal Driver 14mm-60mm KTM Husqvarna Harley Tusk Suzuki,mercari;yahoo,3036,https://www.ebay.com/itm/275497919705?_skw=KTM&hash=item4024f4a4d9:g:gukAAOSwCX5oCOLO
025,1:12 NEW COMPLETELY OUT OF PRODUCTION OFFICIAL KTM RC16 BRAD BINDER #33 RED BULL,1:12 NEW COMPLETELY OUT OF PRODUCTION OFFICIAL KTM RC16 BRAD BINDER #33 RED BULL,mercari;yahoo,3563,https://www.ebay.com/itm/277956956060?_skw=KTM&hash=item40b7868f9c:g:sRoAAeSwZ3hpcp~f
026,"KTM Ready to Race T-shirt Black Unisex racing fan gift, Men's Shirt S-5XL","KTM Ready to Race Tシャツ Black Unisex racing fan gift, Men's シャツ S-5XL",mercari;yahoo,2943,https://www.ebay.com/itm/406673584987?_skw=KTM&hash=item5eafa2735b:g:tOMAAOSwUq5n88-j
027,"OBD2 Adapter Fit for KTM 6 Pin to 16Pin Motorcycle Diagnostic Cable,Fit for KTM ","OBD2 Adapter Fit for KTM 6 Pin to 16Pin Motorcycle Diagnostic Cable,Fit for KTM",mercari;yahoo,4653,https://www.ebay.com/itm/365848918502?_skw=KTM&hash=item552e4b79e6:g:ckMAAeSwUQ9ovJ9C
028,"KTM Racing Orange & Black Embroidered Iron On Patch 3.75"" x 1.5""","KTM Racing Orange & Black Embroidered Iron On Patch 3.75"" x 1.5""",mercari;yahoo,1083,https://www.ebay.com/itm/355983811856?_skw=KTM&hash=item52e249e510:g:ddkAAOSw21ZmysXW
029,Fuel Injector Compatible with KTM FE450 2017-2019 FC250 2016-2022 450 Exc Sxf 79,Fuel Injector Compatible with KTM FE450 2017-2019 FC250 2016-2022 450 Exc Sxf 79,mercari;yahoo,6755,https://www.ebay.com/itm/397895906457?_skw=KTM&hash=item5ca471b499:g:BW8AAeSwiY5p8YOi&amdata=enc%3AAQALAAAA4ACCtXRWQnOEpyOqnQQ8KGa2hyz6avwLeSFX0rG6U6FS1J4yBX4beZdZu6oWcNwH%2BSIsg48spw1PRZH9tdhNQd7hagjBU8ZV35LMjpwtepdm%2Fd1lF6PyTKRo63bcl9ZxQN6L9j4rwATi8IjFhFcyCpKbJuRmSg%2BryYcRmRXPqM8QVea0Txty0unVNx9RGui2Xfd6NCGPdg3AxbIjc5%2BYfIRrImwbJwrDwdd8OmVzZOAtLS87UdfKKLUjELbcCZFvRE3rcJ8P5GyNNkpDIRnYsm7jK8Pz7TY50q%2Fui9BfhzIj
030,Motorcycle Swingarm Guard Protector For KTM 2012-2021 2022 EXC EXCF XCW XCFW 150,Motorcycle Swingarm Guard Protector For KTM 2012-2021 2022 EXC EXCF XCW XCFW 150,mercari;yahoo,4081,https://www.ebay.com/itm/388393637747?_skw=KTM&hash=item5a6e109773:g:W70AAOSwkvpnCDS0&amdata=enc%3AAQALAAAA4ACCtXRWQnOEpyOqnQQ8KGZ4Iniw0eNA%2BeWcruQx3hNz8L1ouMQsAEWfbiluuLfS%2FR%2FaQSFfwD3QalE15vnOCBqUKDzg9IFfd1JaRTn4EeY%2Fdq3Q9%2BOMPtlHdSUO8BHCrtnTyn3heWmVwAP42t8stvRK1TStHxPONAVtDYLH%2BWxOe%2BWLkFeyaAjnQiOCvOiHKk%2FPl4s43KCRA0yg8eTsVP2bym4jbm33puf7BPVIM6qgkbEqPiRuPwNK%2Fe35rrOlUfVkJbRQjVbxAqf88j%2BmqAdWS8%2BRmD%2FZdcUDT%2BqntJLQ
031,Motorcycle Front or Rear Brake Oil Hose For KTM 125 150 250 300 350 450 500 XCW,Motorcycle Front or Rear Brake Oil Hose For KTM 125 150 250 300 350 450 500 XCW,mercari;yahoo,3780,https://www.ebay.com/itm/388393637403?_skw=KTM&hash=item5a6e10961b:g:850AAOSwTgRnCDSp&amdata=enc%3AAQALAAAA4ACCtXRWQnOEpyOqnQQ8KGYna5lGjU1l7JN1jigDHhCrtd5s8OME8Q2mWdh186CRZz%2FtCk1dVg%2FygeUsvf6%2BhFyLGCFh%2Fe91QpvmYBA6T%2BvtH0Cj9JL%2BWSKJiftz08lr4S91U9cE2UuzyIo3EVuIV62ndMyJFWKo0trEcatNVz2JvQzo8SAp2l0F4q3o8f2Q3Qf0bZqnFyGfZbdBN%2FIxRqTGwTbEnsYD6UPzTcMyNlCTCTvhRSt5Id5vyBvTOMGy4sL7HE4wpDMMl9LGblffWoXnjzCR7RxrXCWp%2BKSarshz
032,KTM Motorcycle Die Cut,KTM Motorcycle Die Cut,mercari;yahoo,4108,https://www.ebay.com/itm/256721018431?_skw=KTM&hash=item3bc5c3de3f:g:G8wAAeSwGTpp9CzN&amdata=enc%3AAQALAAAA4ACCtXRWQnOEpyOqnQQ8KGbtCyKtlfjxaaV0XuVHSmUfJwyamBcUuh1DpGOURbdsXEeRNI4hMg7GgT5vqedAbWXExt51OMT1skAXysyUBCHmu2O%2F%2ByOM5WH3v%2BKOSWqjqaVNXtub1ArR71e8qVzjvom6iNy2W5efThH2uOTq7K4VlitjP5PCBu%2BVMtP9Puzn1ALmJt6tLRzxnVKFECiMfSntLqfo6CeUPQ1n5c4gnqVSdb6tOF3G2GPvFfcvQyTkwXu9pWqYBclxDgX7HCGeIbiz90MbuEoRLZVkZRfvml6Y
033,Motorcycle Rear Brake Master Cylinder Pump For KTM XCW XCF-W EXC EXC-F SX SXF XC,Motorcycle Rear Brake Master Cylinder Pump For KTM XCW XCF-W EXC EXC-F SX SXF XC,mercari;yahoo,3824,https://www.ebay.com/itm/388411146286?_skw=KTM&hash=item5a6f1bc02e:g:dK4AAOSwuoxoHsMq
034,"KTM RACING 12""x18"" Metal Sign Garage Man Cave","KTM RACING 12""x18"" Metal Sign Garage Man Cave",mercari;yahoo,4487,https://www.ebay.com/itm/327196205166?_skw=KTM&hash=item4c2e69e06e:g:wrQAAeSwyRRpAkmQ
035,1:12 MOBIL 1 COMPLETELY OUT OF PRODUCTION OFFICIAL KTM RC16 JACK MILLER #43 NEW!,1:12 MOBIL 1 COMPLETELY OUT OF PRODUCTION OFFICIAL KTM RC16 JACK MILLER #43 NEW!,mercari;yahoo,3873,https://www.ebay.com/itm/277716845999?_skw=KTM&hash=item40a936c5af:g:CmQAAeSwFMZpcq-W
036,Red Bull KTM Racing Team Replica Team Tee,Red Bull KTM Racing Team Replica Team Tee,mercari;yahoo,6510,https://www.ebay.com/itm/405972637346?_skw=KTM&hash=item5e85dad6a2:g:l9EAAOSwsfdoTfvl
037,NewRay KTM 450 SX-F Red Bull Cooper Webb #2 Dirt Bike 1:12,NewRay KTM 450 SX-F Red Bull Cooper Webb #2 Dirt Bike 1:12,mercari;yahoo,5110,https://www.ebay.com/itm/225672440664?_skw=KTM&hash=item348b202b58:g:fTQAAOSwTFRksh9o
038,Oil Filter 77338005100 Fit for KTM Husqvarna FC FE FX 250 350 450 501 2014-2022,Oil Filter 77338005100 Fit for KTM Husqvarna FC FE FX 250 350 450 501 2014-2022,mercari;yahoo,2092,https://www.ebay.com/itm/357070777594?_skw=KTM&hash=item532313acfa:g:SbcAAOSwpt9oSAZ6
039,Motorcycle Front & Rear Brake Pads For KTM XC XC-F XCF-W XC-W SX SX-F EXC EXC-F,Motorcycle Front & Rear Brake Pads For KTM XC XC-F XCF-W XC-W SX SX-F EXC EXC-F,mercari;yahoo,3563,https://www.ebay.com/itm/800094935477?_skw=KTM&hash=itemba495fd9b5:g:xBMAAeSwWUJqGtBQ&amdata=enc%3AAQALAAAA4ACCtXRWQnOEpyOqnQQ8KGZMbePvYmbTuAjSd5vUdQIFUr75YCMwR9gXnizAa4zbEBr7pSGXBUfF8s1s%2FsNz9IV4QrTMM1KWgLtcp6qLhU87ePSosvyjNSwifcDzNn7%2FdansI3NZU3ZyhKegjxobF2wD30n5YRqtsMVHddUWxoimtCi1WU3GcQNqB28khMTuHwkddQMD9Ovvc73N99n1fbw2NVL711B07Wef2kuCnJz0aBWgD%2BVd6HGpt9aCYC3R%2FUMX6EnNcs7sjq7Q%2BIRBbu2%2FjvIEQRPCRs1f%2Bz1p24d7
040,KTM LED Light Sign 9” USB Powered Desk or Wall Lamp Garage Decor Gift Orange,KTM LED Light Sign 9” USB Powered Desk or Wall Lamp Garage Decor Gift Orange,mercari;yahoo,5423,https://www.ebay.com/itm/157441345351?_skw=KTM&hash=item24a83c4747:g:Sc8AAeSwipFpCq0X&amdata=enc%3AAQALAAAA4ACCtXRWQnOEpyOqnQQ8KGYuPcb1PICKV0s9Y8LVM23HEIVj4bhC7uj7%2FClR2Oe%2Fk2jXZt2mtH6qGoch2zxPqqfvlTjUlBZaesTESYpL92niOSs3gX%2FV39oalqIBBQL4rlM5DC4KVzjKfieICrqedvymt4viV%2BxGXHmWz7DvoiAZlNl4%2FRbXQj1L3tduroJZpEqoIgqgnVcBvSQ068eyE2%2BeexpxO%2FHNo7pzDAZl%2Fl9RApdbZjKExsW8tsJ4Yfc1pJsrMgoS7ZEDbJLrd5Zwg4l1w9IBBrHcH1yqTdh%2FiRna
041,"Mighty Max YTZ5S 12V, 4.5Ah, Replaces KTM 250 EXC 4-Stroke Offroad Motorcycle 03","Mighty Max YTZ5S 12V, 4.5Ah, Replaces KTM 250 EXC 4-Stroke Offroad Motorcycle 03",mercari;yahoo,4338,https://www.ebay.com/itm/136280865448?_skw=KTM&hash=item1fbaf8faa8:g:D28AAeSw--9qCy0E
042,"2Pcs Clutch Gasket Fits for KTM, Brake Master Cylinder Gasket Fits for Brembo US","2Pcs Clutch Gasket Fits for KTM, Brake Master Cylinder Gasket Fits for Brembo US",mercari;yahoo,1874,https://www.ebay.com/itm/358052826092?_skw=KTM&hash=item535d9c8bec:g:rUcAAeSwChBpTaGD
043,Kick Start Shaft Sleeve Gear Spring Kits for KTM50 50SX 1995-2018,Kick Start Shaft Sleeve Gear Spring Kits for KTM50 50SX 1995-2018,mercari;yahoo,3965,https://www.ebay.com/itm/147228651190?_skw=KTM&hash=item224782eeb6:g:LtcAAeSwRXppyC~j
044,3D PRINT KTM MOTORSPORTS LOGO KEYCHAIN NOSTALGIA RETRO FUN FOR ALL MOTORCYCLE,3D PRINT KTM MOTORSPORTS LOGO KEYCHAIN NOSTALGIA RETRO FUN FOR ALL MOTORCYCLE,mercari;yahoo,388,https://www.ebay.com/itm/317804551120?_skw=KTM&hash=item49fea09bd0:g:X-AAAeSwHOBpd1T1
045,KTM Graphic T-Shirt Men | Premium Cotton Tee | Streetwear Racing Style ATV Biker,KTM Graphic Tシャツ Men | Premium Cotton Tee | Streetwear Racing Style ATV Biker,mercari;yahoo,2711,https://www.ebay.com/itm/287260550795?_skw=KTM&hash=item42e210268b:g:P2EAAeSwf5Np1mpk
046,KTM 125 SX 1991-2024 - Motorcycle T-Shirt for Motocross Riders,KTM 125 SX 1991-2024 - Motorcycle Tシャツ for Motocross Riders,mercari;yahoo,4493,https://www.ebay.com/itm/276516149648?_skw=KTM&hash=item4061a59990:g:MXgAAOSwrHFmcxZB
047,"Red Bull KTM Factory Racing Motorsports Energy Drink Iron On Patch 3"" x 4""","Red Bull KTM Factory Racing Motorsports Energy Drink Iron On Patch 3"" x 4""",mercari;yahoo,1393,https://www.ebay.com/itm/227012319158?_skw=KTM&hash=item34dafd17b6:g:hn4AAeSwyv9o5MKg
048,"KTM RACING EMBROIDERED IRON ON PATCH 4""X2"" FREE SHIPPING & TRACKING","KTM RACING EMBROIDERED IRON ON PATCH 4""X2"" FREE SHIPPING & TRACKING",mercari;yahoo,928,https://www.ebay.com/itm/267419233057?_skw=KTM&hash=item3e436dab21:g:MGwAAeSwDwJpqkla
049,KTM 1290 Super Adventure Service Repair Manual 2016 - COIL BIND - TOUGH COVERS,KTM 1290 Super Adventure Service Repair Manual 2016 - COIL BIND - TOUGH COVERS,mercari;yahoo,6307,https://www.ebay.com/itm/267676727408?_skw=KTM&hash=item3e52c6b870:g:SAMAAeSwhPFqDz5S
050,KTM Racing Trucker Hat Mesh Back Embroidered Logo Black Snapback Cap,KTM Racing Trucker 帽子 Mesh Back Embroidered Logo Black Snapback キャップ,mercari;yahoo,3825,https://www.ebay.com/itm/406792616149?_skw=KTM&hash=item5eb6bab8d5:g:PkwAAeSwDz9pwK64
051,KKE 44T 48T 49T 50T 51T 52T Rear Hybrid Sprocket for KTM SX XC EXC XCW 125-530CC,KKE 44T 48T 49T 50T 51T 52T Rear Hybrid Sprocket for KTM SX XC EXC XCW 125-530CC,mercari;yahoo,9298,https://www.ebay.com/itm/256372848834?_skw=KTM&hash=item3bb10338c2:g:fKwAAOSwmBJln1it
052,Titanium Clutch Slave Cylinder Banjo Bolt Inc Bleeder Valve Ducati KTM Suzuki MV,Titanium Clutch Slave Cylinder Banjo Bolt Inc Bleeder Valve Ducati KTM Suzuki MV,mercari;yahoo,1621,https://www.ebay.com/itm/306553607660?_skw=KTM&hash=item476004d5ec:g:SmAAAeSwG4ho8d7f
053,KTM Racing FMF Hat SnapBack Cap RMF PATCH 9FIFTY,KTM Racing FMF 帽子 SnapBack キャップ RMF PATCH 9FIFTY,mercari;yahoo,2325,https://www.ebay.com/itm/287322194415?_skw=KTM&hash=item42e5bcc1ef:g:~KwAAeSwU0hp~K9r
054,Mighty Max YTX4L-BS SLA Replacement Battery compatible with KTM SX-F 350 450,Mighty Max YTX4L-BS SLA Replacement Battery compatible with KTM SX-F 350 450,mercari;yahoo,3098,https://www.ebay.com/itm/386252207625?_skw=KTM&hash=item59ee6cf609:g:KxEAAeSwTFBp9NhD
055,KTM Factory Racing Alpinestars Motorex AOP 3D Casual Shirt S5XL For Fan,KTM Factory Racing Alpinestars Motorex AOP 3D Casual シャツ S5XL For Fan,mercari;yahoo,4958,https://www.ebay.com/itm/135312400552?_skw=KTM&hash=item1f813f60a8:g:HQ4AAOSwB6ZnFcNg
056,Custom Name KTM Red B**l Racing 3D Lightweight Hoodie For Men,Custom Name KTM Red B**l Racing 3D Lightweight パーカー For Men,mercari;yahoo,5888,https://www.ebay.com/itm/127429679626?_skw=KTM&hash=item1dab669a0a:g:XKcAAeSws1Bo7Sd0
057,NEW! KTM REDBULL COWBOY HAT -  SUEDE BLACK - LARGE/X-LARGE - 58CM-61CM,NEW! KTM REDBULL COWBOY 帽子 - SUEDE BLACK - LARGE/X-LARGE - 58CM-61CM,mercari;yahoo,13948,https://www.ebay.com/itm/327090838122?_skw=KTM&hash=item4c28221a6a:g:F0EAAeSw7qNp1YFi
058,KTM Bionic Plus Knee Guard,KTM Bionic Plus Knee Guard,mercari;yahoo,6818,https://www.ebay.com/itm/298233478847?_skw=KTM&hash=item457019bebf:g:SGgAAeSwhANqELMe
059,New Era Red Bull KTM Motocross Racing Team Navy Adjustable Snapback Hat Cap OSFM,New Era Red Bull KTM Motocross Racing Team Navy Adjustable Snapback 帽子 キャップ OSFM,mercari;yahoo,5419,https://www.ebay.com/itm/387855047135?_skw=KTM&hash=item5a4df659df:g:UFsAAOSwMlNmWxi8
060,KTM Racing Aluminum License Plate laser etched car vehicle truck tag Man Cave,KTM Racing Aluminum License Plate laser etched car vehicle truck tag Man Cave,mercari;yahoo,2937,https://www.ebay.com/itm/306710645287?_skw=KTM&hash=item4769610a27:g:EfUAAeSwvrRpZ7Zq
061,"KTM Racing Black & Gray Embroidered Iron On Patch 2.75"" x 1.5""","KTM Racing Black & Gray Embroidered Iron On Patch 2.75"" x 1.5""",mercari;yahoo,1006,https://www.ebay.com/itm/226645389583?_skw=KTM&hash=item34c51e310f:g:TXkAAOSwAj1n0280
062,Foldable Clutch & Front Brake Lever Factory Set for KTM Husqvarna Black ,Foldable Clutch & Front Brake Lever Factory Set for KTM Husqvarna Black,mercari;yahoo,10060,https://www.ebay.com/itm/306842916492?_skw=KTM&hash=item477143568c:g:rsQAAeSwx~hpxCh6
063,"4' x 1/4"" x 3/8""  KTM ORANGE Fuel Line Gas Hose Motorcycle Bike Scooter ATV UTV","4' x 1/4"" x 3/8"" KTM ORANGE Fuel Line Gas Hose Motorcycle Bike Scooter ATV UTV",mercari;yahoo,1852,https://www.ebay.com/itm/144587855609?_skw=KTM&hash=item21aa1b96f9:g:cgsAAOSwUkJjYWft
064,Motorcycle Headlight Beam Horn Stop Switch 78111070000 Compatible with KTM EXC,Motorcycle Headlight Beam Horn Stop Switch 78111070000 Compatible with KTM EXC,mercari;yahoo,4520,https://www.ebay.com/itm/188371498306?_skw=KTM&hash=item2bdbd0f542:g:t-4AAeSwf8FqAdDT
065,Rubber Motorcycle Valve Stem Grommets For All KTM GasGas Husky Dirtbike Wheels,Rubber Motorcycle Valve Stem Grommets For All KTM GasGas Husky Dirtbike Wheels,mercari;yahoo,928,https://www.ebay.com/itm/285521071333?_skw=KTM&hash=item427a61cce5:g:xukAAOSwPAJlL3gg
066,KTM 1290 Super Adventure Rear Brake Disc Rotor,KTM 1290 Super Adventure Rear Brake Disc Rotor,mercari;yahoo,16275,https://www.ebay.com/itm/266281839774?_skw=KTM&hash=item3dffa26c9e:g:GrsAAOSwB99dZuVj
067,"Vintage KTM Sticker Original Racing Motocross PURPLE Small Decal 1"" x 3"" NOS","Vintage KTM Sticker Original Racing Motocross PURPLE Small Decal 1"" x 3"" NOS",mercari;yahoo,1238,https://www.ebay.com/itm/306663058501?_skw=KTM&hash=item47668aec45:g:waoAAeSwSY9pQxzm
068,KTM Dirt Bike Patch – Embroidered Iron-On/Sew-On Racing Logo for Motorcycle Gear,KTM Dirt Bike Patch – Embroidered Iron-On/Sew-On Racing Logo for Motorcycle Gear,mercari;yahoo,618,https://www.ebay.com/itm/327106026236?_skw=KTM&hash=item4c2909dafc:g:45IAAeSw27lpuJaS
069,Red Bull Energy 3x5 ft Flag F1 KTM Motorcycle MotoGP Racing Gift Banner,Red Bull Energy 3x5 ft Flag F1 KTM Motorcycle MotoGP Racing Gift Banner,mercari;yahoo,2463,https://www.ebay.com/itm/298145013406?_skw=KTM&hash=item456ad3de9e:g:QtIAAeSwC4hnq-J9
070,KTM Racing Embroidered Iron/Sew On Patch,KTM Racing Embroidered Iron/Sew On Patch,mercari;yahoo,463,https://www.ebay.com/itm/358440124351?_skw=KTM&hash=item5374b23fbf:g:X2oAAeSwc-Fp3BhJ
071,"Motorcycle Handlebar Pad for Renthal 7/8"" Crossbar Chest Protector Honda KTM","Motorcycle Handlebar Pad for Renthal 7/8"" Crossbar Chest Protector Honda KTM",mercari;yahoo,4425,https://www.ebay.com/itm/236733300077?_skw=KTM&hash=item371e677d6d:g:VXMAAeSwaeRpz3HN
072,Dirt Tricks KTM-13 – KTM 13 Tooth Front Sprocket,Dirt Tricks KTM-13 – KTM 13 Tooth Front Sprocket,mercari;yahoo,9791,https://www.ebay.com/itm/406954266937?_skw=KTM&hash=item5ec05d5139:g:HSAAAeSwK4lqFlP9
073,KTM OEM New M16X1.5 Oil Screen Plug 77038017000 000 - (77038017000),KTM OEM New M16X1.5 Oil Screen Plug 77038017000 000 - (77038017000),mercari;yahoo,1550,https://www.ebay.com/itm/326613415017?_skw=KTM&hash=item4c0bad3469:g:J5gAAeSwY8toPKwi
074,Red Bull KTM Racing 2x8 ft Banner F1 Formula 1 Motorcycle MotoGP Flag,Red Bull KTM Racing 2x8 ft Banner F1 Formula 1 Motorcycle MotoGP Flag,mercari;yahoo,3092,https://www.ebay.com/itm/137205892454?_skw=KTM&hash=item1ff21bc566:g:xXwAAOSwR85nkvzA
075,6Pin To 16Pin OBD2 Adapter Cable Auto Diagnostic Scanner Tool For KTM Motorcycle,6Pin To 16Pin OBD2 Adapter Cable Auto Diagnostic Scanner Tool For KTM Motorcycle,mercari;yahoo,2232,https://www.ebay.com/itm/287248386100?_skw=KTM&hash=item42e1568834:g:sJIAAeSwnjxpzipE
076,KTM Motorcycle Racing Team Redbull 3x5 Flag 3 x 5 Banner Man Cave Flags New USA,KTM Motorcycle Racing Team Redbull 3x5 Flag 3 x 5 Banner Man Cave Flags New USA,mercari;yahoo,1905,https://www.ebay.com/itm/168077745845?_skw=KTM&hash=item272236deb5:g:DiAAAeSwXfdpIejh
077,Rear Light Taillight Motorcycle Accessories Brake Lamp for KTM EXC-F XCW XCFW XW,Rear Light Taillight Motorcycle Accessories Brake Lamp for KTM EXC-F XCW XCFW XW,mercari;yahoo,5107,https://www.ebay.com/itm/397243295460?_skw=KTM&hash=item5c7d8ba6e4:g:ib0AAeSwGf9o~UTU
078,KTM TEAM TEE - ORANGE/BLACK - SIZE LARGE - 3PW240004104,KTM TEAM TEE - ORANGE/BLACK - SIZE LARGE - 3PW240004104,mercari;yahoo,5423,https://www.ebay.com/itm/326921191719?_skw=KTM&hash=item4c1e058127:g:02sAAeSwspRpF7HH
079,(2) KTM Racing Embroidered Iron On Patches,(2) KTM Racing Embroidered Iron On Patches,mercari;yahoo,2091,https://www.ebay.com/itm/226202861263?_skw=KTM&hash=item34aabdbecf:g:Wd4AAOSwOZ5mc1yV
080,Welly KTM RC 8C 1/12 Alloy Diecast Model Motorcycle,Welly KTM RC 8C 1/12 Alloy Diecast Model Motorcycle,mercari;yahoo,6200,https://www.ebay.com/itm/318253633875?_skw=KTM&hash=item4a19651153:g:bocAAeSwkJNp-gL~
081,Nickel Plated Motorcycle Sprocket Bolt And Nut Kit For KTM Gas Gas Husqvarna,Nickel Plated Motorcycle Sprocket Bolt And Nut Kit For KTM Gas Gas Husqvarna,mercari;yahoo,3438,https://www.ebay.com/itm/177784226715?_skw=KTM&hash=item2964c4039b:g:mb0AAeSw-bNparac
082,KTM 950 Adventure Motorcycle T-Shirt for ADV Riders,KTM 950 Adventure Motorcycle Tシャツ for ADV Riders,mercari;yahoo,4493,https://www.ebay.com/itm/276431070295?_skw=KTM&hash=item405c936457:g:xEcAAOSwYp1mIaNY
083,US STOCK！Complete Engine Gasket Kit for KTM SX85 2013-2016 84.9cc 2-Stroke,US STOCK！Complete Engine Gasket Kit for KTM SX85 2013-2016 84.9cc 2-Stroke,mercari;yahoo,4433,https://www.ebay.com/itm/389596032596?_skw=KTM&hash=item5ab5bbae54:g:WcQAAeSwd-xpOL4w
084,NEW KTM Motorcycle Wall Art Poster Banner Motorcycles Dirt bike Motocross,NEW KTM Motorcycle Wall Art Poster Banner Motorcycles Dirt bike Motocross,mercari;yahoo,4648,https://www.ebay.com/itm/355846196505?_skw=KTM&hash=item52da160d19:g:YGoAAOSw7dJmiJwy
085,Motorcycle HandGuard Handlebar Enduro Protector for KTM EXC SX SXF EXCF XCW,Motorcycle HandGuard Handlebar Enduro Protector for KTM EXC SX SXF EXCF XCW,mercari;yahoo,4438,https://www.ebay.com/itm/357571689285?_skw=KTM&hash=item5340eefb45:g:BeQAAeSwKj5ouoTx
086,NEW RAY MOTOGP RED BULL RACING KTM RC16 MOTORCYCLE 1/12 #33 BRAD BINDER 58383,NEW RAY MOTOGP RED BULL RACING KTM RC16 MOTORCYCLE 1/12 #33 BRAD BINDER 58383,mercari;yahoo,3377,https://www.ebay.com/itm/168113512959?_skw=KTM&hash=item272458a1ff:g:cN0AAeSwj6Npd~1Z
087,Mighty Max YTX4L-BS SLA Battery compatible with KTM 300 XC-W Six Days 2016-2018,Mighty Max YTX4L-BS SLA Battery compatible with KTM 300 XC-W Six Days 2016-2018,mercari;yahoo,3098,https://www.ebay.com/itm/196063646917?_skw=KTM&hash=item2da64dd4c5:g:EpEAAeSwm5Bp9NjF
088,MSR Dominator NOS 93-98 KTM Brake Lever 34-1743      (S-272),MSR Dominator NOS 93-98 KTM Brake Lever 34-1743 (S-272),mercari;yahoo,1821,https://www.ebay.com/itm/165802097687?_skw=KTM&hash=item269a933c17:g:HcUAAOSwZ4xjhBJI
089,"Motorcycle Backpack, Knight Backpack, Riding Bag, KTM Off-Road Vehicle Portable ","Motorcycle Backpack, Knight Backpack, Riding Bag, KTM Off-Road Vehicle Portable",mercari;yahoo,7750,https://www.ebay.com/itm/366378582531?_skw=KTM&hash=item554ddd8203:g:HYgAAeSwxO5pprN5
090,Motorcycle Front & Rear Brake Pads For KTM XC XC-F XCF-W XC-W SX SX-F EXC EXC-F,Motorcycle Front & Rear Brake Pads For KTM XC XC-F XCF-W XC-W SX SX-F EXC EXC-F,mercari;yahoo,4582,https://www.ebay.com/itm/388393637636?_skw=KTM&hash=item5a6e109704:g:In0AAOSwTtFnCDSx
091,KTM “Ready To Race” T Shirt New S-5XL 2025 Off-road and street motorcycles  Tee,KTM “Ready To Race” T シャツ New S-5XL 2025 Off-road and street motorcycles Tee,mercari;yahoo,2942,https://www.ebay.com/itm/365827857056?_skw=KTM&hash=item552d0a1aa0:g:u1QAAeSwYDZor9OA
092,KTM Inspired Ready To Race Banner Wall Decoration,KTM Inspired Ready To Race Banner Wall Decoration,mercari;yahoo,4294,https://www.ebay.com/itm/358242912962?_skw=KTM&hash=item5368f10ac2:g:pYgAAeSwG6xpmb0F
093,"KTM Racing Banner 71x24"", Garage Wall Decor, Motorsport Fan Gift","KTM Racing Banner 71x24"", Garage Wall Decor, Motorsport Fan Gift",mercari;yahoo,4183,https://www.ebay.com/itm/389540125554?_skw=KTM&hash=item5ab2669b72:g:oT4AAeSw7Wtpdw~W
094,Limited KTM Black polo shirt Logo Cover Racing Fans 3D Printed Unisex Fashions,Limited KTM Black polo シャツ Logo Cover Racing Fans 3D Printed Unisex Fashions,mercari;yahoo,4028,https://www.ebay.com/itm/306735356208?_skw=KTM&hash=item476ada1930:g:7bYAAeSw9TtpeeAT
095,KTM Genuine Clamp 52/12 Gemi - 54330061000,KTM Genuine Clamp 52/12 Gemi - 54330061000,mercari;yahoo,1397,https://www.ebay.com/itm/298238566832?_skw=KTM&hash=item45706761b0:g:BGIAAeSwX8Rp41bC
096,"Red Bull KTM Factory Racing Motorsports Energy Drink Iron On Patch 2.5"" x 3.25""","Red Bull KTM Factory Racing Motorsports Energy Drink Iron On Patch 2.5"" x 3.25""",mercari;yahoo,1161,https://www.ebay.com/itm/226397235633?_skw=KTM&hash=item34b653a9b1:g:2B8AAOSwXyNnC1Ca
097,Red Bull KTM Factory Racing LED Light Box Sign Motocross Garage Decor 5x8,Red Bull KTM Factory Racing LED Light Box Sign Motocross Garage Decor 5x8,mercari;yahoo,5423,https://www.ebay.com/itm/157255523629?_skw=KTM&hash=item249d28dd2d:g:bCsAAeSwTdtopGBM
098,Side Stand Springs Compatible with KTM 125–500 EXC EXC-F XC XCW XC-W Chrome 02,Side Stand Springs Compatible with KTM 125–500 EXC EXC-F XC XCW XC-W Chrome 02,mercari;yahoo,3162,https://www.ebay.com/itm/127896883933?_skw=KTM&hash=item1dc73f92dd:g:tW4AAeSwcgFqHUPh
099,Mighty Max 12V 8.6AH 190CCA GEL Battery Replaces KTM 790 Adventure 19-20,Mighty Max 12V 8.6AH 190CCA GEL Battery Replaces KTM 790 Adventure 19-20,mercari;yahoo,5423,https://www.ebay.com/itm/195552775419?_skw=KTM&hash=item2d87da8cfb:g:L0MAAeSwajBp9QrT
100,MOTORCYCLE CUSTOM RIM STRIPE WHEEL DECAL TAPE KTM APRILIA DUCATI BMW HYOSUNG,MOTORCYCLE CUSTOM RIM STRIPE WHEEL DECAL TAPE KTM APRILIA DUCATI BMW HYOSUNG,mercari;yahoo,2091,https://www.ebay.com/itm/382123608676?_skw=KTM&hash=item58f8578a64:g:IJ8AAMXQ97RRGrUz
