title,price,itemWebUrl
Motorcycle Phone Mount Auto Lock 100mph Military Anti-Shake Bike Phone Holder,5.60,https://www.ebay.com/itm/388938206064?_skw=motorcycle&hash=item5a8e860b70:g:TeEAAeSwLk9ovVz0
QUAD LOCK Motorcycle/Moto Handlebar Mount PRO + Vibration Dampener (NEW IN BOX),58.00,https://www.ebay.com/itm/206326597557?_skw=motorcycle&hash=item300a0607b5:g:2LUAAeSwQcRqJBiW
QUAD LOCK Motorcycle/Moto Fork/Stem Mount + Vibration Dampener - NEW + FREE S&H,50.00,https://www.ebay.com/itm/206326623258?_skw=motorcycle&hash=item300a066c1a:g:T-gAAeSwTwlqJBtK
QUAD LOCK Motorcycle/Moto Fork Stem Mount PRO + Vibration Dampener -NEW/FREE S+H,60.00,https://www.ebay.com/itm/206326608794?_skw=motorcycle&hash=item300a06339a:g:TR8AAeSwROFqJBpU
QUAD LOCK Motorcycle/Moto Handlebar Mount - NEW IN BOX (FREE SHIPPING!) ,33.00,https://www.ebay.com/itm/206245499983?_skw=motorcycle&hash=item300530944f:g:r~QAAOSww3toN9sv
360° Aluminum Motorcycle Bike Bicycle GPS Cell Phone Holder Handlebar Mount LOT,425.79,https://www.ebay.com/itm/389012179599?_skw=motorcycle&hash=item5a92eeca8f:g:YZsAAeSwpkFo1PZX
MOTUL Chain Clean 9.8 Ounce Motorcycle Chain Cleaner Universal Fit 103243,13.92,https://www.ebay.com/itm/287117519615?_skw=motorcycle&hash=item42d989aaff:g:WtYAAeSwYolpgReo
Garmin zumo 396 LMT-S Motorcycle GPS Navigator w/ Lifetime Maps 010-02019-00,179.99,https://www.ebay.com/itm/177203268046?_skw=motorcycle&hash=item29422349ce:g:-mEAAOSw0-Ba61j2
QUAD LOCK Motorcycle/Moto Handlebar Mount PRO - NEW IN BOX (FREE SHIPPING!),43.00,https://www.ebay.com/itm/206283473250?_skw=motorcycle&hash=item3007740162:g:OIMAAeSwWn9ooXFw
Motorcycle Helmet Camera Mount Motorbike Hat Chin Bracket Holder for GoPro,11.94,https://www.ebay.com/itm/277646176042?_skw=motorcycle&hash=item40a5006f2a:g:eUQAAeSw1q5pZfTk
120cm Invisible Extendable Selfie Stick + Motorcycle Mount for Insta360 X3 X4 X5,27.99,https://www.ebay.com/itm/336131474805?_skw=motorcycle&hash=item4e42ff4575:g:rAoAAeSwymZpunC7
"3 Pair Chopper Riding Motorcycle Glasses Clear Smoke Yellow, Padded, Comfortable",9.98,https://www.ebay.com/itm/384762825195?_skw=motorcycle&hash=item5995a6c9eb:g:e00AAOSwnd1iIDTs
Motorcycle Phone Mount Auto Lock 100mph Military Anti-Shake Bike Phone Holder US,17.22,https://www.ebay.com/itm/137112534037?_skw=motorcycle&hash=item1fec8b3c15:g:ZqYAAOSwlwxnhKYo
"Motorcycle 5"" screen Carplay Android Auto Dual 1080P Camera Waterproof Navigator",79.92,https://www.ebay.com/itm/358551012970?_skw=motorcycle&hash=item537b4e466a:g:HOkAAeSwZXNqBEro&amdata=enc%3AAQALAAAA8ACCtXRWQnOEpyOqnQQ8KGZRpInv9rQnnXRjFg%2BwqfQAVFgTFQ1vLDcJiPJ7nC64r%2B0Rl53VerWgyDq98HiBz3MR5rO7jRRPGtElBX%2BXIeRGGs3KSb%2F0DGAeCIInCwcH6FRAxrhQ6hixMEhSMl1SWuEyLGkjioBUrjRkARRED6C6T0dP5WWNLkA5oHJdhlW9CZ%2Bd50WH9T97pR5UrojmkYCdRmH2j4JZcvfpJYxeJ4N1uNAq3AIlgBizSacZK4R8i8A2dX7s76mcaRBABQfl3QIlT5azB3LSEBxu4cROUP8CHCgJjQ0urbMbc6QlsH0JKQ%3D%3D
Leather Motorcycle Saddle Bags Saddlebag Luggage Bag Sportster 3 Pcs Large ,97.46,https://www.ebay.com/itm/276627353388?_skw=motorcycle&hash=item4068466f2c:g:p6IAAOSw0JdhWH4-&amdata=enc%3AAQALAAAA8ACCtXRWQnOEpyOqnQQ8KGavmrNF9fSrzyUzHaZYf1A2IlZtygvgUF4TCFrkZyQT2hRYqxOso%2Bvo64fKboE%2BAU2c5YLTeCE2CjvjS3yLLqptNuWnbGTbvFBw0TRzySJVZfGvdVDH%2BwiE9LP%2FWG%2BX9PTQ3txm5dqTmyCxJrd0fXMEaIXvDb7m5mLSt0BoPPLNRiq7HMheKgIvzHP68AOerxW9mFdI8BgfKewXCNIr3ghviRuiXmdcHHftRRUEzPQLArL3rHmWyh7qGGw6%2BrvofL305bmaQUdznuSA6h7AExy59A49jEBOKQl3WiJStoNBKw%3D%3D
QC 3.0 Motorcycle Dual USB Phone GPS Super Fast Charger Adapter LED Waterproof,14.98,https://www.ebay.com/itm/286946581914?_skw=motorcycle&hash=item42cf595d9a:g:BN4AAeSwpmFpGyHw&amdata=enc%3AAQALAAAA8ACCtXRWQnOEpyOqnQQ8KGa6Wj%2BFTZz2TfUjPqfF539Vdfcq1XDCS6JRNILsPkG2FeSQJzJfKMLguuIGX76ZuticoZqAlB76Mg0dzvFK8oKAPYrLSuwI0WP3aikOjGB0E98wavcdFzGT49dEw9en8uD%2BAyNysSzoCH1HfxnOli2XRG7Icwu533KhO3B%2BRcgWfISUBQaPbUzwizdNnYwRFk%2FnAJAyIm1OkStrV0OMkR1fLScVc%2FkXn3XivlJhaD5PavE%2Bnn6m0u%2Frxh33C7q3onpfISiWgbtofisJmat3qR8xY%2BTRycT312fR8dy82JSQGA%3D%3D
Motorcycle Cargo Net High Elastic Helmet Storage Luggage Bungee Net for Bike ATV,9.89,https://www.ebay.com/itm/405132781185?_skw=motorcycle&hash=item5e53cba681:g:9FQAAOSwgpVmqKcP
Balaclava Face Mask UV Protection Ski Motorcycle Snowboard Hood Black Shiesty,7.99,https://www.ebay.com/itm/298007485251?_skw=motorcycle&hash=item4562a15b43:g:W6wAAeSwzFhphmsf
114cm Invisible Extendable Selfie Stick + Motorcycle Mount for Insta360 X3 X4 X5,19.95,https://www.ebay.com/itm/326556906516?_skw=motorcycle&hash=item4c084ef414:g:ON0AAeSwedloEVx5
Motorcycle Vibration Dampener - Quad Lock,11.00,https://www.ebay.com/itm/116636496781?_skw=motorcycle&hash=item1b2813b38d:g:FOwAAOSw0SlntSDA
Motorcycle Charger USB SAE to USB Dual Cable Adapter Phone GPS Tablets IP67,13.99,https://www.ebay.com/itm/395981222793?_skw=motorcycle&hash=item5c3251f389:g:5mEAAOSwnktnVSQj
K&F CONCEPT Motorcycle Windshield Clip Mount Camera Clamp for GoPro DJI Insta360,20.39,https://www.ebay.com/itm/205795723557?_skw=motorcycle&hash=item2fea618925:g:qs8AAeSwShZpHENU
Motorcycle Game Balaclava Hood Ghost Skull Full Face Cover CS Halloween Mask US,7.98,https://www.ebay.com/itm/404497097476?_skw=motorcycle&hash=item5e2de7e304:g:384AAOSwDcllB8r1
Transitional Motorcycle Sunglasses Photochromic Day Night Wind Resistant Glasses,18.70,https://www.ebay.com/itm/167782863351?_skw=motorcycle&hash=item2710a351f7:g:XUgAAeSwnxZqDhEi
Motorcycle Speedway Flat Track Race Gift Unisex T-Shirt,6.99,https://www.ebay.com/itm/358632507279?_skw=motorcycle&hash=item538029c78f:g:ajQAAOSwu9ZnMaXz
Motorcycle Wrap Biker Du Do Black Bandana Paisley Doo Rag Head Skull Cap Durag,3.99,https://www.ebay.com/itm/184530774345?_skw=motorcycle&hash=item2af6e42949:g:Nd4AAOSwiA5fq4y-
2022 MV AGUSTA F3 ROSSO MOTORCYCLE SILVER W/FIGURE 1/64 CM MODEL CM64-F3ROSSO-02,22.99,https://www.ebay.com/itm/147202288814?_skw=motorcycle&hash=item2245f0acae:g:3fcAAeSwjwRpusdR
"Bike Phone Holder for Handlebar, Motorcycle Phone Mount, Shock Absorbing Anti-Sh",14.90,https://www.ebay.com/itm/397824056040?_skw=motorcycle&hash=item5ca0295ae8:g:xM8AAeSwajBp2NPK
Dixie Chopper OEM 15x6-8 Motorcycle Thread Tire 400234,110.05,https://www.ebay.com/itm/177739583104?_skw=motorcycle&hash=item29621ace80:g:FFMAAeSwuBRpWaqJ&amdata=enc%3AAQALAAAA8ACCtXRWQnOEpyOqnQQ8KGbsdLK42GARIhKzEW3xcqMnVmk9mCn%2F0CWa%2FRPjHD%2FdPAJx2iMbp7wpo6eKppR4vKsGMlf4EkZsZhxMgqHBjj0Ul9rP4v5%2Brh4pKC4CFU2XNk7t%2B7tEfJ4eGDvKDMiiqT4ev%2F%2BzLcN%2BB9Ct9z1V%2Fnjupkx0hdVGlNmSS3RJnqE8MJtL3J8Qw4h8a3DusEUZmK43QLd4%2FIgq0WlfLb2YRuWDm3oN5GK3cfMVRppVscpldOjOtMW9NDP2OuuyxedOFarF%2BUJf%2FdMT6YTF9GBLDkm9HbHmKvaZZLzpFDRyRxEezw%3D%3D
4 x Motorcycle Bicycle Chain and Gears Brush Cleaner Maintenance Cleaning Tool,7.77,https://www.ebay.com/itm/317638058534?_skw=motorcycle&hash=item49f4b42226:g:tCgAAeSwnelqJ8sb&amdata=enc%3AAQALAAAA8ACCtXRWQnOEpyOqnQQ8KGYHTG6L0g4XraRz7%2FpL6ELXZlNRELiFqjFoMFDxiV8QtviTnvqjj5wV%2F1q4%2BgQHs%2FupddoX1FqzTAg5yD2xmaEnVem1%2FaULnmP30g6XAwKHNSdHoQk4PT9NjtzaCjufjcOfyGqyqxXEqlSzerD6M3sycHJU8w9Z6WzvcvKkaU%2FUaTTLCz7OVFr0m0BQjFyuedeo05ilkyFyRHL%2FsLeQQ2TTFcP9sS3LclQM9oVLC3CJvsA362zKTSaazzvy7jrjc8tQoWLVCqESYN7G%2BRIwEMdb2V1ydYWj6K9qdi3Q--V8DQ%3D%3D
ABS Control Module for 2014-2018 Wrangler 3.6L V6 68259556 Series,552.05,https://www.ebay.com/itm/358514743090?_skw=motorcycle&hash=item537924d732:g:8icAAeSwb7Bp2YaC&amdata=enc%3AAQALAAAA8ACCtXRWQnOEpyOqnQQ8KGbgGQMViRWtvQe7MQm8dLw8a--xjRneX333IpiLuWye3kobx%2BBZulAJz%2B8IoFjTy%2FJdwYzFhdPNbtGjmZWVysENBLSKmvwgRD0uxdGXtGJf4mkaac2trGgprTfbxZcJ7BD20tNhj3%2B5oKIxr6QuAIaf1Adca%2BtzDtxA%2FtyouEQzS8NJ4U%2FfJnLOEP%2FrtgKUXD7NkORy9I%2FYjYBeDTSKRVLjM7Q1pfIrHw%2B5WSCBM0jkhM7yovNTgPfxZQs6zGKwzRUHu8QkI5SvY0lV6yupEPDE%2F2%2BX973npjCRGUGuKX9BJw%3D%3D
45L Motorcycle Top Case Made of Thick Aluminum Alloy  a Sturdy Hard Luggage Box,69.99,https://www.ebay.com/itm/358447916868?_skw=motorcycle&hash=item5375292744:g:n90AAeSwqP5p0DM9&amdata=enc%3AAQALAAAA8ACCtXRWQnOEpyOqnQQ8KGaS2RtJndlJ69Rmf%2FVAzwoTP%2FsV0wyJPZU%2F5EQK9QSBgqmDB7Qp29jwK7P%2B34VLwZYMSO%2FDbnOAmNwFdiWnXQ7lNQJt496%2FkgQ2t1I2DhwdebzpnvHrQiKhCPaQ62dVKMKMBkPJgwOQ6BrzDVAhxYjaxDd%2BA9UXJJjSLqqmsdWHCfv8e2h1nr6AX8a78Af7yox3shBgBplrw%2FITJhZZNGlbqJJQco9BNKm0GgFrz82yRWOBQ9wiFy%2B3S473fO7StI18ECLUkuuZbUy%2FM9Q3iZvK%2F%2BmaxpB8tzTG%2BAJAMRWc7w%3D%3D
Motorcycle Vinyl Stickers Biker Shield & Bar Logo Hog Harley Chopper Road King,3.50,https://www.ebay.com/itm/267469425352?_skw=motorcycle&hash=item3e466b8ac8:g:NDEAAeSwKNRpFR3S
Domino MotoGP Road Racing Street Sport Bike Road Motorcycle Grips - AUTHENTIC,27.95,https://www.ebay.com/itm/196887162442?_skw=motorcycle&hash=item2dd763ae4a:g:nvcAAOSw5FZn5GbV
120PCS Mini Blade Fuse Assortment Auto Car Motorcycle SUV Fuses Kit APM ATM,4.89,https://www.ebay.com/itm/196484768374?_skw=motorcycle&hash=item2dbf67a276:g:GkwAAOSwMMdoSPDH
Motorcycle Alarm Disc Brake Lock Motorcycle Lock Anti-Theft Wheel Disc Lock US,18.98,https://www.ebay.com/itm/146971551479?_skw=motorcycle&hash=item22382fe6f7:g:jEEAAeSwssVotTdY
Motorcycle Wrap Biker Du Do Black Bandana Paisley Doo Rag Head Skull Cap Durag,2.99,https://www.ebay.com/itm/388569640681?_skw=motorcycle&hash=item5a788e2ee9:g:-~0AAOSw3hRoSqAQ
Motorcycle Wrap Biker Du Do Black Bandana Paisley Doo Rag Head Skull Cap Durag,5.95,https://www.ebay.com/itm/185861288016?_skw=motorcycle&hash=item2b46323050:g:y8kAAOSwgH5kPzjb
Compatible with Honda Accord 2008-2017 Brake ABS Control Module/Vsa Pump Module,238.65,https://www.ebay.com/itm/800049269320?_skw=motorcycle&hash=itemba46a70a48:g:GdYAAeSwA7pqDJrX&amdata=enc%3AAQALAAAA8ACCtXRWQnOEpyOqnQQ8KGZ9wf5BLCd15XTquIA7sVChufhvNuJUuZXCUDR6DJ9LmeaoAPJoOO4OIUzaV3pXMEYnnbEmxOkXHJK9DZ6ooRDIW4JbNGZiQjuXNKvVzi3AEYqd0oedqV5nu9DTaSkWQWAVRGnyRw6jq9yFnpDE8Dbototr5Qwbql0RupXwE3Np0lxwqROdSYvmh9WBaLTSjv%2FLoyRcrEXtVn9mXUNqVujOZsWMUs%2F6mZLOKyz5iJa0QNTCdTzx7HeUH53tmyO9GuUeNxHWkEj4MTzMQ%2FG62SU96pjIjTbVUMl69ZXL%2Bh36rA%3D%3D
"Yuasa YTX4L-BS Maintenance-Free Replacement Battery for Motorcycle, Scooter, ATV",18.99,https://www.ebay.com/itm/225960732232?_skw=motorcycle&hash=item349c4f2648:g:QoMAAeSwiPdpxUkT&amdata=enc%3AAQALAAAA8ACCtXRWQnOEpyOqnQQ8KGZio9T73IpoAzpu1gSjak4ogiCwdLPBMNtxYbtVDIdkBhGu1MS5NPADIEKbotLcjffhyBbQFpRNmT2YJC27soas4HKAO3nytK1til3T3C4aGkQFWpe0j2pzfc9dMzp4e1KZWK54PN7SqIdGZR9l5YtiWEj7PeYxsbZtdQx7o0eremMosOgp8UHlCD349Iylzv%2FBMUxYIxla7ZpLYe5MAGFZl7nZjWpLmAP9cjBHkZ%2F1LIr58VRCyqeo8ZmFh9ktTX4HxvM0ohLkvFLkbI3wiEPw1P2ntP5Srhl%2F3ljfY7F4cA%3D%3D
Harley Davidson Motorcycle Flange Sign Gas Oil Parts Vintage Style Wall Decor 1,42.00,https://www.ebay.com/itm/278057381242?_skw=motorcycle&hash=item40bd82ed7a:g:iFcAAeSwgRBobei3
1/3 Pair Motorcycle Sports Biker Riding Glasses Padded Wind Resistant Sunglasses,12.98,https://www.ebay.com/itm/166069675775?_skw=motorcycle&hash=item26aa8626ff:g:CpYAAOSwRPNkUX7e
Rhinowalk Motorcycle Rear Tail Bag Waterproof 19L-80L Expandable Travel Luggage,98.57,https://www.ebay.com/itm/127735464445?_skw=motorcycle&hash=item1dbda081fd:g:QaEAAeSwZAFpso58
Motorcycle Bike Handlebar Phone Mount Holder Waterproof Case for iPhone Samsung,7.99,https://www.ebay.com/itm/355768401512?_skw=motorcycle&hash=item52d572fe68:g:sCsAAOSwG-tkgT0s
"Yamaha Key Chain, Motorcycle, Instrument, Bikers, Musicians",4.95,https://www.ebay.com/itm/201604805333?_skw=motorcycle&hash=item2ef09532d5:g:ncYAAOSwibFUYEFa
Motorcycle Racing Isle of Man TT Lover Premium Cotton Tee S to 5XL,24.99,https://www.ebay.com/itm/267130633948?_skw=motorcycle&hash=item3e3239fedc:g:wb8AAeSwaBppn5tV
KAWASAKI Main Logo T-SHIRT GREEN Racing Ninja Motorcycle Motor Bike Fast Ship!,17.99,https://www.ebay.com/itm/376464578375?_skw=motorcycle&hash=item57a7099747:g:ZNYAAeSwvuVolRXo
Motorcycle Clutch Flywheel Holding Tool | Clutch Hub Basket Gear Holder Tool,18.09,https://www.ebay.com/itm/318139173024?_skw=motorcycle&hash=item4a129288a0:g:-CcAAeSwZK1p23V4
Motorcycle Tour Pack Pack Luggage Lid Tether Retractable Cable for Touring Model,18.74,https://www.ebay.com/itm/198346868986?_skw=motorcycle&hash=item2e2e6508fa:g:u6IAAeSwRxtp~qO8&amdata=enc%3AAQALAAAA8ACCtXRWQnOEpyOqnQQ8KGZNQhApzq3HkiymIorNZCxe9KG79vaUmJD25M%2BHM9vn1uZlVwmATpb3VfZt1gSbJ%2Bu7Vh%2FfW0Ey%2Bk8RFbZ8CbekzeuTIfBmLjM5GHOcEFpcDi7LDWIe4zEYrm1MuaSG3EgniAbIfUvqm9IJ169v6SzKUKAfK99SjGEzprr78uaL%2FeHZsAXFmK7GSc80aauVkDYO1yluJx4jINacWSCKabn2Q09qUGDfVjAEIpZ9hzS9QGmo5zyQSAOCyJ%2Fj0OdVWaIe6KXXXk4lCeuHgNMxp3OgtJVfDBrMALzxCldybnZ61w%3D%3D
Waterproof Motorcycle SAE to USB Cable Adapter 2.1A Phone GPS USB Charger Outlet,14.65,https://www.ebay.com/itm/122386272897?_skw=motorcycle&hash=item1c7eca5281:g:nscAAOSwEQ1gvpHW&amdata=enc%3AAQALAAAA8ACCtXRWQnOEpyOqnQQ8KGZQqfEsV7Gvpk0bn7wLCzsjGhEkkn4FXcGPYKylbpFq6vcRlvSNAQPBRAPkA2NcEW9PNedZZUEBjOHl637LYXtpJIiOfgaGntVNBqHL6p4FN7hpCM7iS5Oa4svmr5shsGWGR8jt1oC38myFSe%2FTfVikKah0iWX9l%2BYSLjrUL9ACWqLFWZ6zSGzMdal8H5V0oXV6YCK0pzqbGdufQDVx28%2FoNSBCwYobvsDF003Pjco8vwSxiY85X9jH9IEtb2%2BYCjafUOBE8mQ3R%2BBoCoaCDnUoBLedqjsbxVejKO9oHiBfAA%3D%3D
